account_id,name,registered_on
1000000,,2012-02-15 10:17:15.029000
1000001,Florian Effenberger,2012-02-15 10:17:15.029000
1000002,Bjoern Michaelsen,2012-02-15 19:29:02.000000
1000003,Norbert Thiebaud,2012-02-16 18:18:27.000000
1000005,Fridrich Strba,2012-04-05 11:50:30.000000
1000006,Thorsten Behrens,2012-04-05 12:49:29.000000
1000007,Sophie Gautier,2012-04-09 20:36:57.000000
1000011,Rob Snelders,2012-04-12 23:17:05.000000
1000013,Miklos Vajna,2012-04-14 09:11:15.000000
1000016,Cor Nouws,2012-04-16 17:13:57.000000
1000017,Tomáš Chvátal,2012-04-24 20:08:17.000000
1000018,libreoffice buildbot2,2012-04-24 18:23:59.000000
1000020,David Ostrovsky,2012-04-30 08:30:31.000000
1000021,David Tardon,2012-05-02 18:39:35.000000
1000022,Michael Stahl,2012-05-02 18:39:35.000000
1000023,Eike Rathke,2012-05-03 14:47:34.000000
1000024,Mathias M,2012-05-04 21:31:43.000000
1000025,Ivan Timofeev,2012-05-05 18:41:50.000000
1000026,Arnaud Versini,2012-05-17 15:50:09.000000
1000027,Christian Lohmaier,2012-05-17 16:24:28.000000
1000028,Andras Timar,2012-05-17 16:56:52.000000
1000029,Daniel Bankston,2012-05-17 17:23:32.567000
1000030,Kohei Yoshida,2012-05-17 18:07:37.000000
1000031,Markus Mohrhard,2012-05-17 20:54:18.000000
1000032,Christina Roßmanith,2012-05-17 20:54:43.000000
1000033,Rafael Dominguez,2012-05-17 22:28:04.000000
1000034,Takeshi Abe,2012-05-18 00:31:03.000000
1000035,Matúš Kukan,2012-05-18 09:26:56.000000
1000037,Michael Meeks,2012-05-18 18:39:14.000000
1000038,Kevin Hunter Kesling,2012-05-21 14:23:55.000000
1000039,Bosdonnat Cedric,2012-05-21 15:08:17.000000
1000041,Philipp Riemer,2012-06-02 06:09:45.000000
1000042,Riccardo Magliocchetti,2012-06-02 08:34:48.000000
1000043,Julien Nabet,2012-06-03 19:27:11.000000
1000044,Stefan Knorr,2012-06-04 09:49:50.000000
1000045,Stephan Bergmann,2012-05-30 16:16:11.000000
1000047,LibreOffice gerrit bot,2012-06-10 13:35:26.000000
1000048,,2012-06-11 09:50:05.000000
1000050,,2012-06-13 02:19:23.000000
1000053,Petr Mladek,2012-06-15 15:03:20.000000
1000054,Korrawit Pruegsanusak,2012-06-17 04:45:05.000000
1000055,Felix Zhang,2012-06-18 08:50:30.000000
1000057,Winfried Donkers,2012-06-18 11:03:56.000000
1000058,Philipp Weissenbacher,2012-06-18 18:30:47.000000
1000059,Olivier Hallot,2012-06-18 21:02:50.000000
1000060,Sören Möller,2012-06-19 08:47:34.517000
1000062,Tor Lillqvist,2012-06-19 09:20:25.000000
1000064,Christoph Brill,2012-06-19 11:10:46.000000
1000065,Noel Power,2012-06-19 16:57:59.000000
1000067,Jack Leigh,2012-06-19 19:51:33.000000
1000068,Jan Holesovsky,2012-06-21 05:44:49.000000
1000069,Sebastian Spaeth,2012-06-21 09:15:57.243000
1000070,,2012-06-21 11:45:04.621500
1000071,Muhammad Haggag,2012-06-21 14:14:12.000000
1000072,Robinson Tryon,2012-06-21 18:42:14.000000
1000075,Niko Rönkkö,2012-06-24 10:29:50.305000
1000076,Joop Kiefte,2012-06-26 06:17:22.361000
1000077,,2012-06-27 10:40:15.927000
1000078,Eilidh McAdam,2012-06-28 15:03:09.493000
1000079,Brennan T Vincent,2012-06-29 12:34:36.727000
1000080,,2012-06-30 06:06:06.818000
1000082,Joel Madero,2012-06-30 19:07:02.000000
1000083,Noel Grandin,2012-07-02 06:11:43.000000
1000084,Lionel Elie Mamane,2012-07-02 15:37:05.000000
1000085,Nicolas Christener,2012-07-02 18:16:15.772000
1000087,James E. Blair,2012-07-05 22:25:20.000000
1000089,Alexander Werner,2012-07-07 11:21:07.903000
1000091,Christophe JAILLET,2012-07-08 21:58:11.000000
1000092,Luboš Luňák,2012-07-09 12:14:46.000000
1000094,Matteo Casalin,2012-07-09 22:27:26.000000
1000095,Jesso Clarence Murugan,2012-07-10 06:32:59.000000
1000096,gokul s,2012-07-10 07:24:44.000000
1000097,Ahmad Harthi,2012-07-10 11:16:10.000000
1000098,Pierre-Eric Pelloux-Prayer,2012-07-10 13:53:55.000000
1000099,Muthu Subramanian K,2012-07-11 05:35:53.000000
1000101,Faisal al-otaibi,2012-07-11 12:26:09.000000
1000102,Joseph Brown,2012-07-13 23:52:20.000000
1000103,Albert Thuswaldner,2012-07-14 18:14:20.000000
1000104,,2012-07-15 14:35:15.000000
1000105,abdulmajeed ahmed,2012-07-16 10:56:10.000000
1000107,Ioan Radu,2012-07-21 16:20:06.000000
1000108,Jean-Tiare Le Bigot,2012-07-22 02:35:38.000000
1000110,Norah A. Abanumay,2012-07-31 08:00:12.000000
1000112,Bertrand Lorentz,2012-08-03 17:11:58.000000
1000113,ojab,2012-08-03 17:43:41.000000
1000119,Marco Cecchetti,2012-08-09 15:59:58.000000
1000120,Andrzej Hunt,2012-08-09 16:01:49.000000
1000122,David Nelson,2012-08-09 16:03:42.000000
1000123,Arkadiusz Miśkiewicz,2012-08-09 16:08:57.520000
1000125,Martin Hosken,2012-08-09 16:23:18.000000
1000126,Alexander Wilms,2012-08-09 16:59:21.916000
1000130,René Engelhard,2012-08-09 22:05:29.000000
1000132,DO NOT USE,2012-08-09 23:04:13.000000
1000133,Lior Kaplan,2012-08-09 23:22:45.000000
1000134,Yifan Jiang,2012-08-10 07:30:07.000000
1000135,Caolán McNamara,2012-08-10 07:56:41.000000
1000138,Thomas Arnhold,2012-08-10 14:02:25.000000
1000143,Marc-André Laverdière,2012-08-11 20:13:18.797000
1000146,Tim Hardeck,2012-08-13 19:09:39.000000
1000147,,2012-08-14 02:32:19.200000
1000149,,2012-08-14 17:17:39.600000
1000151,Babati Bence,2012-08-15 08:03:00.000000
1000152,Radek Doulík,2012-08-15 12:26:27.000000
1000153,Artur Dorda,2012-08-15 13:30:00.027000
1000154,Tomaž Vajngerl,2012-08-15 17:51:47.000000
1000156,,2012-08-16 19:11:14.650500
1000158,Timothy Pearson,2012-08-17 20:30:42.301000
1000161,Laurent Balland-Poirier,2012-08-20 14:38:12.000000
1000163,,2012-08-22 01:54:28.666666
1000164,John Smith,2012-08-22 19:32:37.000000
1000165,Harri Pitkänen,2012-08-25 06:46:12.039000
1000166,Samuel Mehrbrodt,2012-08-25 09:28:55.000000
1000168,,2012-08-26 17:40:51.666666
1000169,Tamás Zolnai,2012-08-27 09:46:50.000000
1000170,gerhard öttl,2012-08-27 20:15:14.000000
1000171,János Uray,2012-08-28 12:28:16.030000
1000172,Peter Foley,2012-09-03 15:39:47.000000
1000174,Issa Alkurtass,2012-09-04 09:55:53.000000
1000176,Ricardo Montania,2012-09-05 03:21:04.000000
1000177,Lennard Wasserthal,2012-09-07 09:06:45.000000
1000178,Manal Alhassoun,2012-09-12 08:48:45.000000
1000179,Xisco Fauli,2012-09-12 11:44:56.000000
1000180,,2012-09-13 23:02:54.500000
1000181,Petr Vorel,2012-09-15 10:20:53.000000
1000182,Katarina Behrens,2012-09-16 19:27:30.000000
1000183,Christopher Copits,2012-09-19 01:23:38.306000
1000185,José Guilherme Vanz,2012-09-27 02:31:33.000000
1000186,Marcos Paulo de Souza,2012-09-27 03:16:49.000000
1000193,Aliah Almusaireae,2012-10-14 05:49:46.000000
1000194,René Kjellerup,2012-10-18 23:09:24.000000
1000195,Niklas Johansson,2012-10-19 14:13:23.000000
1000196,Philipp Kaluza,2012-10-20 02:45:53.174000
1000197,,2012-10-23 08:31:22.311666
1000198,,2012-10-26 14:16:51.449333
1000202,Véghelyi András,2012-11-08 13:18:48.000000
1000203,Abdulelah Alarifi,2012-11-10 07:18:15.000000
1000204,Jeremy Brown,2012-11-10 18:01:19.764000
1000208,"Enrico Weigelt, metux IT service",2012-11-14 12:59:48.000000
1000210,Luke Deller,2012-11-24 08:42:17.000000
1000211,Peter Baumgarten,2012-11-24 13:42:58.186000
1000214,Alexander Wilms,2012-11-28 15:52:21.000000
1000215,Tino,2012-11-29 11:58:08.000000
1000216,Werner Körner,2012-11-30 13:04:40.000000
1000217,,2012-11-30 16:12:12.000000
1000218,Alexandre Vicenzi,2012-11-30 19:19:44.000000
1000219,,2012-12-02 19:15:51.000000
1000221,Naser Sharifi,2012-12-06 19:08:05.000000
1000223,Stanislav Horáček,2012-12-09 16:51:20.000000
1000226,LOH KOK HOE,2012-12-15 06:58:29.634000
1000227,Rodolfo Ribeiro Gomes,2012-12-15 16:42:13.000000
1000229,LeMoyne Castle,2012-12-17 21:41:43.000000
1000230,,2012-12-20 04:23:47.500000
1000231,Aurimas Fišeras,2012-12-22 11:05:52.000000
1000233,Joren De Cuyper,2012-12-26 18:18:09.000000
1000234,navin patidar,2012-12-29 15:45:08.000000
1000235,Karthikeyan Krishnamurthi,2013-01-01 17:57:07.000000
1000237,Jesús Corrius,2013-01-04 13:53:19.579000
1000239,,2013-01-06 06:20:46.947400
1000242,Rushi Shukla,2013-01-08 19:01:58.000000
1000243,Jean-Noël Rouvignac,2013-01-10 00:53:41.000000
1000245,Mathias Hasselmann,2013-01-14 18:04:53.000000
1000246,Brennan Vincent,2013-01-17 01:53:20.642000
1000247,Laurent Godard,2013-01-17 12:09:58.000000
1000248,Tinderbox 21 - Mac,2013-01-18 02:56:03.000000
1000251,Abdulaziz A Alayed,2013-01-22 06:20:38.000000
1000254,Robert Roth,2013-01-25 01:31:57.960000
1000257,Vishv Brahmbhatt,2013-01-28 07:40:46.000000
1000266,Prashant Pandey,2013-02-06 14:50:57.000000
1000267,Maxime de Roucy,2013-02-06 16:31:47.000000
1000270,Matthias Freund,2013-02-07 21:18:53.000000
1000274,Vinaya Mandke,2013-02-08 14:04:22.000000
1000275,Pallavi Jadhav,2013-02-08 15:25:37.000000
1000276,Jeremy Bicha,2013-02-09 04:45:17.000000
1000278,Mark Wright,2013-02-09 12:44:20.872000
1000281,Prasanna Barate,2013-02-11 13:13:02.000000
1000282,Gergő Mocsi,2013-02-12 20:17:09.000000
1000287,Thomas van der meulen,2013-02-14 11:19:52.024000
1000288,Christopher Hotchkiss,2013-02-15 04:35:32.559000
1000290,Andrew Branch,2013-02-15 21:20:10.361000
1000292,Krisztian Pinter,2013-02-17 15:48:37.000000
1000294,,2013-02-18 20:45:56.333333
1000295,Chris Sherlock,2013-02-19 09:47:56.000000
1000299,Hansgerd Schneider,2013-02-20 19:09:40.123000
1000301,Vlastimil Jinoch,2013-02-22 13:33:56.495000
1000302,hamza abdelkebir,2013-02-23 20:15:25.386000
1000304,Christian M. Heller,2013-02-24 16:33:48.000000
1000305,Adam Mróz,2013-02-24 20:15:02.834000
1000306,David Verrier,2013-02-25 20:37:02.597000
1000308,Ádám Király,2013-02-26 17:37:13.000000
1000309,Tomáš Turek,2013-02-26 19:00:26.547000
1000311,Cao Cuong Ngo,2013-02-28 20:08:39.000000
1000312,Eric Seynaeve,2013-02-28 22:22:43.982000
1000313,Gregg King,2013-03-01 02:06:38.488000
1000314,Sven Jacobi,2013-03-01 11:51:11.179000
1000317,Luc Castermans,2013-03-02 10:26:35.000000
1000318,mhofmann,2013-03-03 15:48:09.000000
1000321,Adolfo Jayme Barrientos,2013-03-04 10:23:20.000000
1000322,Jørgen Nystad,2013-03-03 09:02:31.000000
1000323,,2013-03-05 09:56:49.284000
1000327,Javier Fernandez,2013-03-07 11:49:34.000000
1000328,Benjamin Drung,2013-03-08 23:20:26.223000
1000329,,2013-03-09 17:03:04.005000
1000330,Ondřej Smrž,2013-03-10 10:45:41.787000
1000334,Artur Dryomov,2013-03-14 08:26:12.000000
1000341,Andreas Mantke,2013-03-23 11:30:48.870000
1000342,Moritz Kütt,2013-03-23 13:25:42.124000
1000343,Xiaoli Duan,2013-03-23 13:51:49.746000
1000344,Johannes Widmer,2013-03-23 15:12:21.663000
1000345,Jacqueline Rahemipour,2013-03-23 16:18:14.981000
1000348,Akash Shetye,2013-03-25 13:00:55.000000
1000349,Petr Kraus,2013-03-26 18:46:58.000000
1000350,Andres Gomez,2013-03-27 10:31:53.000000
1000352,Goran Rakic,2013-03-30 00:43:22.922000
1000354,Efe Gürkan Yalaman,2013-03-31 13:02:23.000000
1000357,Golnaz Irannejad,2013-04-01 23:48:46.830000
1000358,Miguel Gomez,2013-04-02 13:20:52.633000
1000360,Ashish Banerjee,2013-04-04 01:25:22.530000
1000364,Pavel Kačer,2013-04-08 15:30:05.162000
1000367,Siqi LIU,2013-04-09 22:33:03.000000
1000369,Kesha Shah,2013-04-10 07:36:03.000000
1000372,Alex Ivan,2013-04-14 18:12:51.000000
1000376,Anthony Youngman,2013-04-17 21:00:38.000000
1000377,Michael Dunphy,2013-04-18 00:59:22.000000
1000379,Sameer Deshmukh,2013-04-19 09:48:36.000000
1000380,Anurag Kanungo,2013-04-20 05:29:19.000000
1000381,Khaled Hosny,2013-04-21 08:00:30.000000
1000382,Isamu Mogi,2013-04-22 17:18:05.000000
1000387,Ricardo Ramos,2013-04-27 18:30:40.161000
1000388,Pooja A,2013-04-28 13:00:24.000000
1000389,Adam CloudOn,2013-04-28 14:46:56.000000
1000391,Jan Bobisud,2013-04-29 07:19:50.713000
1000392,Tomofumi Yagi,2013-04-30 13:33:39.000000
1000395,Minh Ngo,2013-05-02 15:48:36.250000
1000397,Manik Malhotra,2013-05-03 14:11:49.000000
1000408,Yohei Yukawa,2013-05-10 19:10:29.820000
1000409,Björgvin Ragnarsson,2013-05-11 21:37:52.679000
1000412,Mark Wielaard,2013-05-13 09:52:34.534000
1000417,Paulo Henrique Cuchi,2013-05-18 18:44:34.000000
1000418,Donizete Waterkemper,2013-05-18 19:45:09.000000
1000419,Marcos Paulo dos Santos,2013-05-18 20:34:27.763000
1000424,Neil R Voss,2013-05-24 13:49:14.000000
1000435,Jason Hulme,2013-06-05 08:44:57.609000
1000439,Élie Roux,2013-06-08 07:40:59.370000
1000440,Edmond Ciorba,2013-06-11 10:00:52.000000
1000442,Jelle van der Waa,2013-06-16 11:07:59.000000
1000444,,2013-06-17 12:32:48.500000
1000446,Gabor Kelemen,2013-06-18 13:57:38.000000
1000447,Regina Henschel,2013-06-19 18:58:50.000000
1000449,Frédéric Wang,2013-06-22 18:11:53.000000
1000450,,2013-06-23 01:15:31.000000
1000451,Tsahi Glik @ CloudOn,2013-06-23 08:19:09.000000
1000452,Sonakshi Nathani,2013-06-23 10:32:13.660000
1000454,Reem Al Otaibi,2013-06-24 07:34:04.000000
1000455,Alaa.Bukhari,2013-06-24 07:38:47.000000
1000456,Nourah AlShoeibi,2013-06-24 07:38:47.000000
1000458,Jung-uk Kim,2013-06-25 21:13:59.000000
1000460,Nagy Ákos,2013-06-26 09:44:48.000000
1000463,Tamás Csikós,2013-07-01 09:28:38.000000
1000464,Mihály Palenik,2013-07-01 11:47:10.000000
1000477,Gergely Máté,2013-07-16 10:31:43.000000
1000484,Honza Havlíček,2013-07-27 00:08:08.575000
1000485,David Bolen,2013-07-27 00:27:37.511000
1000487,Boris Dušek,2013-07-28 16:26:09.275000
1000489,Michael Duelli,2013-07-31 22:42:09.534000
1000491,James Michael Dupont,2013-08-01 12:29:41.000000
1000495,Neil Moore,2013-08-09 04:15:46.000000
1000497,Srijan Choudhary,2013-08-10 12:06:20.000000
1000501,Tobias Lippert,2013-08-14 20:24:09.000000
1000505,adrien c,2013-08-17 09:50:57.000000
1000507,Rachit Gupta,2013-08-18 05:26:18.000000
1000511,Stefano Facchini,2013-08-22 20:06:59.341000
1000512,Viktor Varga,2013-08-28 07:16:46.000000
1000514,,2013-08-31 04:37:54.977333
1000515,Ptyl,2013-09-01 15:18:29.466000
1000516,Janos Farago,2013-09-03 07:26:05.153000
1000521,Jean-Pierre Ledure,2013-09-06 16:29:59.000000
1000526,Sandro Steger,2013-09-17 01:58:58.000000
1000527,matthieu gay,2013-09-17 13:39:09.000000
1000528,Danny Brown,2013-09-17 23:08:46.000000
1000530,Tushar Bende,2013-09-18 06:24:48.000000
1000531,Rohit Deshmukh,2013-09-19 12:55:14.000000
1000533,Tushar Bende,2013-09-23 13:05:11.000000
1000534,Jacobo Aragunde Pérez,2013-09-25 18:30:34.000000
1000538,Benedikt Morbach,2013-10-04 11:30:04.985000
1000540,,2013-10-07 10:24:12.992499
1000542,Sushil Shinde,2013-10-10 09:18:21.000000
1000543,Yogesh Bharate,2013-10-11 08:23:43.000000
1000545,Roi Illouz,2013-10-20 10:23:57.377000
1000547,Nikhil Walvekar,2013-10-22 05:04:47.000000
1000549,Maxim Monastirsky,2013-10-27 10:10:22.000000
1000552,Martin Hollmichel,2013-10-30 15:48:48.000000
1000553,,2013-10-30 23:22:01.980499
1000554,Robert Campbell,2013-10-31 06:55:15.961000
1000556,Rolf Koetter,2013-11-01 14:56:21.433000
1000557,Franz Dietrich,2013-11-02 13:23:23.712000
1000558,,2013-11-05 13:05:16.474666
1000560,Priyanka Gaikwad,2013-11-11 12:29:02.000000
1000562,Jan-Marek Glogowski,2013-10-15 12:55:49.000000
1000565,Peter Ansell,2013-11-21 05:25:49.000000
1000567,Douglas Mencken,2013-11-24 15:09:52.000000
1000572,Rajashri Udhoji,2013-11-29 06:34:55.000000
1000577,Mohamed-Ali BEN MANSOUR,2013-12-04 11:09:54.000000
1000579,Keith Curtis,2013-12-06 12:59:27.000000
1000583,Bernhard Seßler,2013-12-17 06:58:48.642000
1000585,Naruhiko Ogasawara,2013-12-21 08:24:16.732000
1000591,Jiwoong Youn,2013-12-30 16:06:33.000000
1000597,Ulrich Kitzinger,2014-01-08 14:06:00.000000
1000598,Stefan Ring,2014-01-09 20:59:53.552000
1000599,Umesh Kadam,2014-01-10 11:12:20.000000
1000603,Anderson Roberto,2014-01-15 01:38:14.000000
1000604,Sven Wehner,2014-01-16 13:46:44.370000
1000605,Bryan Quigley,2014-01-17 04:01:22.000000
1000606,Michał Siedlaczek,2014-01-18 16:39:16.000000
1000609,Vort,2014-01-21 06:53:54.899000
1000610,Dima Kostenich,2014-01-21 22:01:39.000000
1000611,Ayantha Randika,2014-01-23 16:41:55.991000
1000615,Andreas K. Hüttel,2014-01-25 18:34:39.690000
1000618,Ravindra Vidhate,2014-01-30 05:55:12.000000
1000621,Tobias Mueller,2014-02-02 10:22:51.503000
1000622,Ebrahim Byagowi,2014-02-02 13:12:24.474000
1000625,Andrew Dent,2014-01-16 02:04:53.000000
1000629,BisalNayal,2014-02-10 11:59:13.000000
1000631,Timothy Markle,2014-02-13 17:57:24.947000
1000638,Andrea Gelmini,2014-02-19 01:16:55.000000
1000640,Charu Tyagi,2014-02-20 06:11:24.000000
1000646,Mihai Varga,2014-02-27 21:17:22.000000
1000647,Roopak T J,2014-02-28 13:09:57.044000
1000650,Jason Gerlowski,2014-03-03 23:13:42.734000
1000651,Trent MacAlpine,2014-03-04 02:56:11.000000
1000654,Sujay m,2014-03-06 18:55:33.000000
1000655,Alex Henrie,2014-03-06 22:28:42.816000
1000656,V V,2014-03-10 18:07:37.560000
1000658,Dinesh Patil,2014-03-12 18:14:21.301000
1000659,Manmeet Singh,2014-03-13 07:35:37.795000
1000660,Matteo Campanelli,2014-03-13 09:47:14.000000
1000661,Sourav Mahajan,2014-03-15 07:23:26.000000
1000663,Darshana Padmadas,2014-03-16 05:11:46.000000
1000664,Szymon Kłos,2014-03-16 18:40:46.000000
1000665,Michaël Lefèvre,2014-03-17 13:14:45.000000
1000667,Tharindu Lakmal,2014-03-19 14:41:48.000000
1000671,galbarnissan,2014-03-25 11:41:44.554000
1000673,Chris Laplante,2014-03-26 01:26:05.000000
1000674,Jean-Baptiste Faure,2013-01-28 21:02:10.000000
1000677,Milan Zelenka,2014-03-26 19:50:41.000000
1000685,Yang Zhang,2014-04-02 07:34:33.000000
1000695,Michel Messak,2014-04-15 07:55:06.000000
1000696,Michal Horák,2014-04-20 22:07:03.029000
1000697,Maarten Hoes,2014-04-22 20:25:35.000000
1000700,Alex Gulyás,2014-04-27 16:09:57.903000
1000701,Damien Chambe,2014-04-28 22:24:55.834000
1000704,Jeroen Nijhof,2014-05-01 15:10:42.000000
1000712,Michal Strnad,2014-05-15 02:48:28.000000
1000713,Mukhiddin Yusupov,2014-05-18 09:35:10.000000
1000720,Peter Senna Tschudin,2014-05-25 12:49:47.418000
1000723,Jens Carl,2014-05-28 06:19:06.000000
1000726,Jan K.,2014-06-03 10:05:54.000000
1000728,Baptiste Daroussin,2014-06-10 15:35:09.000000
1000730,Robert Antoni Buj i Gelonch,2014-06-11 16:16:54.000000
1000731,Robin Kumar,2014-06-13 10:29:55.000000
1000732,Norbert X,2014-06-13 14:11:42.000000
1000737,Hideki Ikeda,2014-06-25 02:29:18.357000
1000741,Dushyant Bhalgami,2014-07-04 05:54:24.000000
1000742,Fahad Al-Saidi,2014-07-04 13:15:11.000000
1000745,Jan-Henrik Bruhn,2014-07-08 12:20:35.066000
1000748,Juan Picca,2014-07-23 02:42:45.000000
1000749,Seyeong Kim,2014-07-25 07:47:43.000000
1000750,,2014-07-26 00:27:34.000000
1000751,Matthew Pottage,2014-07-26 17:07:25.000000
1000752,Jeff Stedfast,2014-07-26 19:50:43.975000
1000753,Martin Owens,2014-07-27 03:33:01.863000
1000758,Deena Francis,2014-07-29 19:28:07.752000
1000759,Heiko Scheidt,2014-08-01 20:18:57.000000
1000760,Simon Danner,2014-08-02 20:19:34.987000
1000767,Thomas Viehmann,2014-08-14 21:54:35.000000
1000770,Hiroto Kagotani,2014-08-19 04:33:53.000000
1000771,Matthew Francis,2014-08-24 13:25:31.000000
1000775,Stefan Weiberg,2014-08-28 11:11:38.000000
1000776,Daniel Sikeler,2014-08-28 11:56:48.687000
1000777,Jennifer Liebel,2014-08-29 07:40:35.000000
1000778,Michael Jaumann,2014-08-29 08:20:37.000000
1000779,Juergen Funk (CIB),2014-09-01 06:25:46.000000
1000780,Tobias Madl,2014-09-01 09:23:30.000000
1000781,Xukai Liu,2014-09-02 02:12:50.000000
1000782,Laurent Godard,2014-09-03 07:46:14.000000
1000786,,2014-09-07 16:05:55.187200
1000787,Boris Egorov,2014-09-08 18:10:18.984000
1000788,Sudarshan Rao,2014-09-09 08:26:09.000000
1000789,Michael Weghorn,2014-09-09 12:06:19.000000
1000790,Giuseppe Bilotta,2014-09-09 19:11:12.000000
1000791,Marco Lechner,2014-09-11 12:34:55.000000
1000792,Lim Jing,2014-09-13 02:40:18.000000
1000793,Ryan McCoskrie,2014-09-13 08:52:51.000000
1000794,Babu Vincent,2014-09-16 04:48:33.654000
1000796,Yousuf Philips,2014-09-18 15:07:43.000000
1000797,Charles-H. Schulz,2014-09-19 11:33:34.227000
1000799,YiiChang Yen,2014-09-22 01:16:20.000000
1000800,,2014-09-22 04:37:22.375000
1000801,,2014-09-22 07:58:24.750000
1000802,David Jourdain,2014-09-22 11:19:27.125000
1000804,Justin Luth,2014-09-30 17:00:24.000000
1000805,"V, Stuart Foote",2014-10-02 19:18:08.000000
1000807,Mathieu Parent,2014-10-03 10:32:37.000000
1000811,,2014-10-13 07:10:24.674400
1000812,Paul Barberi,2014-10-15 18:19:51.593000
1000815,Hao Chen,2014-10-20 08:36:31.000000
1000816,,2014-10-23 04:46:12.826800
1000819,,2014-10-31 17:15:18.307200
1000820,Victor Sanches Portella,2014-11-03 13:25:00.134000
1000821,Mark Hung,2014-11-04 11:26:30.000000
1000822,Brij Mohan Lal Srivastava,2014-11-05 13:56:34.850000
1000824,Łukasz Hryniuk,2014-11-06 20:40:52.000000
1000826,Richard PALO,2014-11-09 16:26:13.000000
1000830,Renato Ferreira,2014-11-13 02:31:01.367000
1000831,Hidemune TANAKA,2014-11-17 08:20:40.111000
1000833,Jonathan Riddell,2014-11-22 11:47:56.000000
1000837,Foo Lai Choo,2014-11-30 22:50:09.530000
1000840,,2014-12-02 22:33:31.632499
1000841,Christoph Lutz,2014-12-03 14:27:59.000000
1000843,Supreme Aryal,2014-12-04 00:52:59.383000
1000845,Mattias Põldaru,2014-12-05 23:56:09.000000
1000847,Wesley J. Landaker,2014-12-07 13:15:20.000000
1000850,Daniel Kranich,2014-12-09 02:59:07.000000
1000855,Jenkins,2013-12-15 15:21:18.000000
1000857,Mark Williams,2014-11-24 07:09:15.000000
1000859,Gary Houston,2014-12-20 03:28:46.522000
1000861,Clément Lassieur,2014-12-21 08:24:10.000000
1000863,Aron Budea,2014-12-22 03:39:49.000000
1000864,Efstratios Kamadanis,2014-12-22 12:36:09.000000
1000865,Henry Castro,2014-12-27 15:03:48.000000
1000866,Nathan Yee,2014-12-31 18:20:34.000000
1000868,Gülşah Köse,2015-01-05 18:41:38.000000
1000869,Laurent Charrière,2015-01-05 19:56:03.517000
1000870,Rimas Kudelis,2015-01-06 20:23:15.000000
1000871,Ashod Nakashian,2015-01-07 16:34:07.000000
1000872,Zsolt Bölöny,2015-01-10 15:56:54.000000
1000873,Darcy Beurle,2015-01-11 03:14:49.000000
1000874,Zdenek Crhonek,2015-01-15 09:44:58.000000
1000875,Luke Benes,2015-01-19 19:15:38.000000
1000877,Peter Nowee,2015-01-20 11:29:48.094000
1000879,Simon W,2015-01-24 00:47:44.139000
1000880,Vasily Melenchuk,2015-01-28 08:54:46.000000
1000881,Kishor Bhat,2015-01-28 13:23:45.050000
1000883,Rishabh Kumar,2015-02-03 15:05:21.000000
1000889,Ursache Vladimir,2015-02-10 19:59:37.000000
1000895,Sailesh Choyal,2015-02-19 21:46:28.831000
1000897,pranavk,2015-02-20 18:19:11.000000
1000905,Robert Babiak,2015-03-03 16:08:17.475000
1000907,Piet van Oostrum,2015-03-05 13:58:49.697000
1000909,Swachhand Lokhande,2015-03-06 16:12:03.646000
1000911,Varun Dhall,2015-03-07 10:03:50.000000
1000912,Ryo ONODERA,2015-03-07 12:36:04.000000
1000913,Gábor Dobra,2015-03-08 11:09:27.000000
1000914,Karthick Prasad,2015-03-10 17:35:26.000000
1000915,Jingtao Yan,2015-03-12 01:37:38.000000
1000918,Laszlo Kis-Adam,2015-03-12 16:46:39.000000
1000919,Qiwen Gao,2015-03-15 10:32:58.000000
1000920,Ahmad Samir,2015-03-15 13:00:29.000000
1000922,Phillip Sz,2015-03-14 11:22:19.000000
1000924,Stefan Heinemann,2015-03-17 12:34:13.000000
1000928,,2015-03-19 07:49:44.200000
1000929,Enes Ateş,2015-03-19 18:38:37.000000
1000930,Michael Horn,2015-03-21 00:49:31.000000
1000932,Nikita Uvarov,2015-03-22 18:36:33.697000
1000934,Popa Adrian Marius,2015-03-23 09:44:14.000000
1000939,Michał Świętek,2015-03-25 08:02:46.000000
1000940,Austin Chen,2015-03-25 10:01:13.231000
1000941,Pieter Adriaensen,2014-12-21 11:44:11.000000
1000944,Matthew James Nicholls,2015-03-29 14:24:18.551000
1000947,Dennis Francis,2015-03-31 05:10:57.000000
1000950,Sujith Sudhakaran,2015-04-02 13:30:38.096000
1000951,Benjamin Ni,2015-04-02 14:33:50.000000
1000952,Jorge Mendes,2015-04-02 17:41:13.036000
1000957,Delveri Chick,2015-04-09 19:51:24.000000
1000958,Brent Ritzema,2015-04-10 05:28:55.000000
1000960,rajat vijay,2015-04-12 16:35:02.000000
1000961,Scito,2015-04-13 08:53:09.767000
1000967,Heena Gupta,2014-06-17 08:50:45.000000
1000977,Redthorn57,2015-04-21 02:49:09.000000
1000981,Philippe Jung,2015-04-16 19:56:35.000000
1000982,Linus Behrens,2015-04-23 14:42:39.000000
1000989,Andrew Savonichev,2015-04-24 22:49:00.000000
1000994,Mike Kaganski,2015-04-26 14:42:11.000000
1000995,Massinissa Hamidi,2015-04-27 23:31:07.483000
1000996,Andreas Kainz,2015-03-19 01:36:26.000000
1001002,László Németh,2012-09-07 07:20:16.000000
1001010,Manik Malhotra,2015-05-09 11:19:48.318000
1001017,Mox Soini,2015-05-17 18:33:11.000000
1001019,Michel Renon,2015-05-18 23:46:32.000000
1001023,Sam Tuke,2015-05-21 12:57:47.651000
1001026,Umair Shahid,2015-05-26 17:54:12.000000
1001030,Rosemary Sebastian,2015-06-08 12:56:11.000000
1001032,Dennis Roczek,2015-06-09 19:30:05.000000
1001033,Antoine,2015-06-10 09:22:39.587000
1001043,Jorenz Paragas,2015-06-23 02:41:20.000000
1001044,Daniel Robertson,2015-06-25 01:24:49.000000
1001045,Marek Doležel,2015-06-08 18:41:34.000000
1001049,Simon Long,2015-07-02 12:27:38.000000
1001050,Giuseppe Castagno,2015-07-04 17:28:34.000000
1001051,Heiher,2015-07-08 07:19:51.021000
1001052,Carlos Luque,2015-07-15 16:50:31.657000
1001053,Martin Srebotnjak,2015-07-16 02:16:53.000000
1001056,Raj Natarajan,2015-07-25 11:58:36.282000
1001061,Fernando Pirani,2015-07-30 06:36:52.852000
1001065,Ian Gilham,2015-08-06 14:52:27.000000
1001067,Timothée Isnard,2015-08-07 21:39:30.000000
1001071,Derrick Rocha,2015-08-20 23:52:37.000000
1001072,Shreyansh Gandhi,2014-06-10 17:05:48.000000
1001073,Oliver Brinzing,2015-08-22 05:43:02.000000
1001074,Lucas Satabin,2015-08-25 09:26:11.000000
1001077,Oliver Specht,2015-09-01 13:41:30.000000
1001079,,2015-09-04 16:54:44.000000
1001081,Yargon,2015-09-07 20:07:58.000000
1001082,N Pearson,2015-09-08 20:59:21.000000
1001083,William Bonnet,2015-09-13 19:42:34.000000
1001085,Fukanchik,2015-09-15 03:31:29.362000
1001086,Lera Goncharuk,2015-09-16 10:03:58.000000
1001087,Peter Foley,2014-09-08 01:10:03.000000
1001091,Joan Paraiso,2015-09-25 06:36:03.155000
1001093,aybuke ozdemir,2015-09-28 22:50:53.000000
1001094,Berk Gureken,2015-09-30 00:58:39.000000
1001095,ccsheller,2015-10-01 10:23:11.000000
1001097,kadertarlan,2015-10-02 22:25:47.000000
1001099,yeliz taneroğlu,2015-10-03 13:39:40.000000
1001100,Sahasranaman M S,2015-10-04 09:25:04.135000
1001101,Feyza,2015-10-04 15:22:58.000000
1001102,melike,2015-10-04 19:17:16.000000
1001103,Sean Young,2013-05-25 22:35:14.000000
1001104,Sedat Ak,2015-10-07 09:03:11.000000
1001105,Irem Sendur,2015-10-07 10:06:35.000000
1001106,keremhallac,2015-10-09 20:21:58.000000
1001107,Slávek Banko,2015-10-10 12:02:13.888000
1001110,Mario Rugiero,2015-10-11 17:21:03.000000
1001113,Fabio Buso,2015-10-15 16:52:29.000000
1001115,Aristomenis Georgiopoulos,2015-10-17 23:06:14.949000
1001117,,2015-10-21 17:56:41.474499
1001119,Serge Krot,2015-10-25 12:47:08.000000
1001120,Simon Steinbeiß,2015-10-26 12:33:50.000000
1001121,jan iversen,2013-05-05 23:42:13.000000
1001124,Armin Le Grand,2014-11-28 09:50:25.000000
1001128,Marina Latini,2015-11-08 19:29:18.000000
1001132,AlexF,2015-11-10 09:03:41.970000
1001133,Guillaume Smaha,2015-11-10 15:23:01.000000
1001137,Keigo Kawamura,2015-11-13 12:16:24.000000
1001138,Mariusz Saramak,2015-11-15 20:39:55.499000
1001139,Aleksandr Andreev,2015-04-26 12:14:16.000000
1001140,alexey.chemichev,2015-11-18 16:14:11.645000
1001142,rettichschnidi,2015-11-20 14:41:04.378000
1001143,willianbriotto,2015-11-20 20:58:09.000000
1001147,Paolo Bernardi,2015-11-25 12:08:29.309000
1001148,Pierre Sauter,2015-11-30 13:48:37.913000
1001151,pasqual milvaques,2015-12-02 17:05:13.000000
1001152,Peter Toye,2015-12-06 13:03:35.765000
1001153,Maya Rashish,2015-12-07 21:50:48.000000
1001154,aqcoder,2015-12-08 08:03:43.111000
1001157,Ricardo Palomares,2015-12-10 21:49:29.000000
1001159,Stuart Swales,2015-12-12 10:15:54.000000
1001160,Özcan Esen,2015-12-12 15:43:11.000000
1001161,burcin,2015-12-13 23:21:09.000000
1001166,Faruk Uzun,2015-12-25 11:32:42.000000
1001167,rezso,2015-12-26 09:36:48.000000
1001168,Sheikha AL-Hinai,2015-12-28 09:44:35.000000
1001171,Johannes Hauf,2015-12-31 10:10:07.358000
1001172,Dipankar Niranjan,2015-12-31 20:16:30.000000
1001174,Susobhan Ghosh,2015-07-13 13:28:08.000000
1001175,Kumar Thangavel,2016-01-04 11:51:15.000000
1001176,Arul Michael,2016-01-05 09:36:08.000000
1001177,Yogesh Desai,2016-01-05 16:49:55.820000
1001182,Debarshi Ray,2016-01-08 16:33:57.000000
1001184,Nusaiba Al-Kindi,2016-01-12 09:06:31.000000
1001185,Shubham Tibra,2016-01-12 12:23:29.286000
1001188,Haidong Wu,2016-01-15 01:56:01.176000
1001189,chaithanya,2016-01-16 10:35:59.000000
1001192,Mohammed Abdul Azeem,2016-01-18 19:01:19.000000
1001193,Akshay Deep,2016-01-23 11:46:28.000000
1001194,Jochen Nitschke,2016-01-02 03:14:38.000000
1001196,marcbessieres,2016-01-27 09:36:53.915000
1001200,Nurhak,2016-01-30 13:53:42.000000
1001201,Erdem Demirkapi,2016-01-30 14:00:18.000000
1001203,mceylan,2016-01-31 09:42:59.000000
1001206,Rohan Kumar,2016-02-03 07:52:59.000000
1001209,danielt998,2016-02-04 19:14:07.000000
1001210,Jaskaran singh,2016-02-07 08:57:18.000000
1001211,Rico Tzschichholz,2016-02-09 11:33:09.000000
1001212,Dhruv Khattar,2016-02-09 13:28:44.000000
1001216,Arnold Dumas,2016-02-13 21:49:06.000000
1001217,Chirag Manwani,2016-02-15 12:38:56.000000
1001220,mechaxl,2016-02-20 01:58:44.000000
1001221,ackepenek,2016-02-21 02:41:28.670000
1001222,Matus Uzak,2016-02-22 14:03:12.000000
1001223,Stephan van den Akker,2012-12-26 21:06:04.000000
1001224,baltasarq,2016-02-23 12:16:32.000000
1001226,Martin Nathansen,2016-02-24 13:29:18.000000
1001228,Emmanuel Gil Peyrot,2016-02-18 10:34:15.000000
1001229,Hank Leininger,2016-02-26 22:46:26.001000
1001233,,2016-03-01 06:27:12.400199
1001234,Steven Guo,2016-03-02 02:22:24.000000
1001238,Aleksas Pantechovskis,2016-03-03 14:08:12.000000
1001240,Tamás Bunth,2016-03-03 15:13:14.000000
1001243,Jakub Trzebiatowski,2016-03-06 12:51:25.000000
1001245,ApachevIvan,2016-03-09 09:35:25.092000
1001246,Alexis PAQUIN,2016-03-09 16:20:30.000000
1001248,Mayank Gupta,2016-03-11 02:41:56.000000
1001251,Tim Eves,2016-03-12 04:12:16.610000
1001252,Mohamed Thabet,2016-03-13 09:09:39.582000
1001255,Dag Wieers,2016-03-13 21:40:17.000000
1001256,krishna keshav,2016-03-14 11:09:51.000000
1001258,Jose Mendez,2016-03-14 21:08:20.000000
1001259,Atul,2016-03-15 15:44:42.000000
1001262,Gurkaran,2016-03-17 19:46:58.987000
1001264,Muhammet Kara,2016-03-18 12:43:26.000000
1001266,Alexandru Moscu,2016-03-18 19:34:22.000000
1001267,Raunak Shona Thakur,2016-03-21 15:37:09.000000
1001268,Gleb,2016-03-22 09:02:02.337000
1001269,Alfredo,2016-03-22 11:45:39.000000
1001270,akash,2016-03-24 17:18:27.000000
1001272,Adam Kasztenny,2016-03-26 15:49:12.000000
1001275,Beza Moges,2016-03-30 18:33:59.000000
1001276,Seraphime Kirkovski,2016-03-31 09:35:53.000000
1001279,marian scerbak,2016-04-02 15:01:37.000000
1001280,Jiri Burant,2016-04-03 18:04:35.853000
1001281,Aleksandar Stefanović,2016-04-04 11:09:44.000000
1001283,Vitaliy Lotorev,2016-02-02 09:04:26.000000
1001284,Krunoslav Šebetić,2016-04-05 16:40:53.000000
1001288,Timothy Magee,2016-04-13 19:36:18.000000
1001290,Joel Madero,2016-04-15 18:47:00.000000
1001300,Marco Pinto,2016-04-27 06:53:42.000000
1001301,Jean Spiteri,2016-04-27 16:34:28.000000
1001302,Mark Page,2016-04-28 07:02:44.000000
1001305,Gökhan Gurbetoğlu,2016-04-30 15:30:26.000000
1001306,Mert Tumer,2016-04-30 17:00:33.000000
1001307,Akash Deshpande,2016-05-03 01:38:18.000000
1001314,Simon Quigley,2016-05-11 01:19:24.000000
1001316,Johnny M,2016-05-11 14:26:03.000000
1001318,Heiko Tietze,2016-05-12 04:30:39.000000
1001319,Helena Svobodová,2016-05-13 07:39:00.397000
1001322,Prashant Lokhande,2016-05-16 05:23:48.127000
1001324,Jason C. McDonald,2016-05-26 22:31:44.000000
1001327,Apurva Priyadarshi,2016-05-27 17:52:39.000000
1001328,sam tygier,2016-05-30 22:32:24.000000
1001329,Zhengqiang Wang,2016-05-31 06:41:55.000000
1001331,Michal Kubeček,2016-06-01 09:36:17.348000
1001333,Yan Pashkovsky,2016-06-03 16:47:49.000000
1001336,Yurii Kolesnykov,2015-05-10 09:59:38.000000
1001337,anwilli5,2016-06-05 23:06:15.285000
1001339,Bartosz Kosiorek,2016-06-06 20:33:34.000000
1001342,Aparajita Haldar,2016-06-13 11:17:40.417000
1001348,Manuel De Franceschi,2016-06-23 07:34:50.000000
1001354,Otto Kekäläinen,2016-07-03 18:27:28.036000
1001355,Gabriel A.,2016-07-08 23:21:40.000000
1001356,nadith malinda  premaratne,2016-07-13 07:18:59.000000
1001362,Abhilash Singh,2016-07-22 05:55:38.000000
1001364,Pawan Pal,2016-07-23 08:31:42.000000
1001365,aselarz,2016-07-24 05:18:30.982000
1001368,Kuno Meyer,2016-07-18 22:30:05.000000
1001370,Chamal Udugama,2016-07-27 20:10:12.270000
1001371,Pootle bot,2016-05-23 20:35:19.000000
1001372,Johannes Berg,2016-08-03 12:11:06.192000
1001373,rosen silva,2016-08-03 16:11:26.000000
1001374,Julian Mehe,2016-08-03 22:11:51.164000
1001378,Miroslav Mazel,2013-08-22 11:21:22.000000
1001379,Kao HaoCheng,2016-08-13 10:47:17.519000
1001380,Tiago Santos,2016-08-12 11:17:10.000000
1001383,Zenaan Harkness,2016-08-18 21:51:02.560000
1001385,Sophie Su,2016-08-22 08:05:24.000000
1001386,Dimitri Bouron,2016-08-23 12:20:54.000000
1001390,Maarten Bosmans,2016-08-30 11:10:48.000000
1001392,Pierre Lepage,2016-09-05 17:37:44.000000
1001395,Simon Van Accoleyen,2016-09-08 19:40:12.265000
1001405,,2016-09-18 08:03:17.188636
1001406,Milos Sramek,2016-09-19 06:53:35.681000
1001410,Fabio Biocchetti,2016-09-22 11:25:52.000000
1001416,Federico Bassini,2016-10-04 08:54:11.000000
1001417,Jookia,2016-10-04 09:58:47.088000
1001418,Ilya Ponamarev,2016-10-04 23:32:08.000000
1001419,Jacek Frączek,2016-10-05 19:31:37.000000
1001420,Filippo giacchè,2016-10-06 09:00:21.000000
1001422,Mirco Rondini,2016-10-08 11:41:02.000000
1001424,Huzaifa Iftikhar,2016-10-10 06:45:44.000000
1001425,Aleksander Machniak,2016-10-10 09:19:47.525000
1001426,Abdul Wadood,2016-10-10 10:07:33.000000
1001427,Dilek Üzülmez,2016-10-10 21:31:08.000000
1001429,Sudarshan K,2016-10-13 04:57:20.000000
1001432,Guilhem Moulin,2016-10-19 23:10:32.000000
1001436,Gian Domenico Ceccarini,2016-10-22 10:58:56.000000
1001437,Ulrich Gemkow,2016-10-23 14:15:35.000000
1001440,Roman Shipovskij,2016-10-28 12:48:55.189000
1001445,,2016-11-03 22:01:49.042181
1001451,Tamás Gulácsi,2016-11-11 13:53:17.666000
1001455,Felbab Vukasin,2016-11-22 19:43:26.150000
1001456,Yossi Zahn,2016-11-24 22:29:29.000000
1001461,Vidhey PV,2016-11-29 16:16:43.000000
1001465,Gaurav Dhingra,2016-12-03 06:48:03.000000
1001469,Tibor Móger,2016-12-05 12:29:35.000000
1001472,Alex Kempshall,2016-12-06 09:00:35.000000
1001474,Vitaliy,2016-12-07 09:20:49.000000
1001475,Ed Wong,2016-12-08 03:39:59.000000
1001477,John Paul Adrian Glaubitz,2016-12-10 17:49:38.000000
1001481,Tamsil Sajid Amani,2016-12-18 15:24:10.000000
1001483,Vincent LE GARREC,2016-12-20 19:04:39.000000
1001484,Jean-Sébastien BEVILACQUA,2016-09-06 14:06:32.000000
1001487,Géczi Zoltán Csaba,2016-12-25 23:14:46.000000
1001488,Saurabh Kukade,2016-12-27 13:03:03.000000
1001490,Justin Lavoie,2016-12-30 01:02:11.771000
1001492,Siddhartha Gairola,2017-01-01 19:40:18.000000
1001494,Thibault Vallois,2017-01-02 15:34:14.000000
1001496,Fakabbir Amin (Aeimi),2017-01-03 05:15:20.000000
1001500,George Korepanov,2017-01-06 10:26:15.000000
1001501,Arkadiy Illarionov,2017-01-06 15:15:03.000000
1001502,Patrick Jaap,2017-01-10 19:44:57.000000
1001503,Sandeep Dubey,2017-01-10 23:17:54.000000
1001506,Saurav Sachidanand,2017-01-16 14:32:52.000000
1001508,Zohar Tal,2017-01-18 20:37:17.000000
1001509,Aleix Pol,2017-01-19 16:41:07.000000
1001510,Matthias Klumpp,2017-01-19 16:47:52.000000
1001513,Alan Tokaev,2017-01-21 10:55:58.000000
1001517,Sophia Schroeder,2017-01-26 16:46:16.000000
1001518,Siegmund Gorr,2017-01-27 13:53:28.000000
1001519,Paul Menzel,2017-01-31 13:28:11.000000
1001521,Gautam Prajapati,2017-02-01 04:04:47.000000
1001523,Ekansh Jha,2017-02-03 09:55:52.000000
1001532,,2017-02-05 21:58:53.636363
1001534,Lukas Röllin,2017-02-06 11:19:34.000000
1001537,Jean-Marc Zambon,2017-02-06 15:34:09.000000
1001557,Udit Sharma,2017-02-12 15:39:31.000000
1001563,Jeevan Surya Maddu,2017-03-01 11:59:32.000000
1001572,Atef Hares,2017-03-12 02:57:55.000000
1001574,Ximeng Zu,2017-03-12 19:57:28.000000
1001575,Umang Jain,2017-03-13 05:00:33.000000
1001576,Mike Gorse,2017-03-13 19:21:59.000000
1001577,Udayan Baidya,2017-03-14 05:40:13.000000
1001578,Aditya Dewan,2017-03-14 10:09:26.000000
1001580,Marco Viscido,2017-03-14 14:45:33.000000
1001582,Colomban Wendling,2017-03-16 14:49:43.000000
1001584,Dennis Nielen,2017-03-18 10:50:36.000000
1001589,José Peixoto,2017-03-23 18:44:47.000000
1001591,Aastha Agrrawal,2017-03-25 17:51:18.000000
1001592,Grzegorz Araminowicz,2017-03-25 23:29:49.000000
1001595,Thomas Beck,2017-03-27 09:22:47.000000
1001596,Bernhard Widl,2017-03-27 10:04:22.000000
1001597,Manfred Blume,2017-03-27 11:06:55.000000
1001600,Michael Meeks,2017-03-30 07:52:47.000000
1001603,Naeil ZOUEIDI,2017-04-05 09:10:49.000000
1001605,Tomoyuki Kubota,2017-04-06 07:59:56.000000
1001606,AlexeyVlasov,2017-04-08 15:25:55.000000
1001608,Dian Fishekqi,2017-04-11 11:46:55.000000
1001610,Nikki Casali,2017-04-12 16:16:36.000000
1001613,Ilmari Lauhakangas,2017-04-15 16:27:08.000000
1001615,Jim Raykowski,2017-04-16 21:49:16.000000
1001618,,2017-04-25 16:26:38.200000
1001620,Thorsten Wagner,2015-04-23 23:44:20.000000
1001621,Yash Srivastav,2017-05-02 20:14:27.000000
1001622,fvroman,2017-04-26 13:40:32.000000
1001623,Piotr Drąg,2017-05-05 12:05:53.000000
1001625,fxwan,2017-05-11 03:00:52.000000
1001632,Claudio Pannacci,2017-05-27 09:43:13.000000
1001633,Arianna Masciolini,2017-05-27 09:58:13.000000
1001644,Paul Trojahn,2017-05-27 19:29:51.000000
1001646,Francesco Gradi,2017-05-29 16:01:09.000000
1001649,Troy Rollo,2017-06-06 07:51:42.000000
1001656,Christian Barth,2017-06-25 18:50:11.000000
1001659,Sean Stangl,2017-07-09 05:31:47.000000
1001661,Ivan Safonov,2017-07-10 19:41:30.000000
1001664,Kesara Gamlath,2017-07-18 05:49:38.000000
1001665,Udaree Kanewala,2017-07-18 06:13:57.000000
1001666,Teodor Mircea Ionita,2016-12-14 16:49:53.000000
1001669,Jonathan MERCIER,2017-07-25 15:09:42.000000
1001676,taylor leebiz,2017-08-04 19:31:25.000000
1001679,Serdar Oktay TUNC,2017-08-05 14:26:52.000000
1001681,Fyodor Yemelyanenko,2017-08-09 00:44:42.000000
1001689,Kshitij Pathania,2017-08-21 21:14:25.000000
1001690,Christian Glombek,2017-08-24 19:30:38.000000
1001692,Kiyotaka Nishibori,2017-08-27 03:16:29.000000
1001696,Lior Kaplan,2017-09-03 17:07:39.000000
1001697,Andreas Brandner,2017-09-04 13:28:54.000000
1001700,Dimitrij Mijoski,2017-09-12 12:50:30.000000
1001701,Emre Öztürk,2017-09-13 06:52:37.000000
1001705,Sabin Frandes,2017-09-14 16:27:57.000000
1001708,Daniel Silva,2017-09-23 01:46:34.000000
1001709,Gabriel Chiquini,2017-09-23 13:30:21.000000
1001710,Nigel Dias,2017-09-25 02:24:07.000000
1001714,Hrishabh Rajput,2017-09-30 11:48:29.000000
1001716,Hristo Hristov,2017-10-01 11:37:29.000000
1001718,Fabian Jucker,2017-10-04 08:55:26.000000
1001722,Teraslilja,2017-10-07 09:59:28.000000
1001727,Tjipke van der Heide,2017-10-12 11:48:19.000000
1001728,Furkan Tokac,2017-10-21 10:25:42.000000
1001729,Furkan Ahmet KARA,2017-10-21 10:26:27.000000
1001733,Serg Bormant,2017-10-19 10:31:27.000000
1001734,Gábor Koruhely,2017-10-25 12:53:53.000000
1001735,Róbert Bán,2017-10-25 13:01:17.000000
1001736,Umann Kristóf,2017-10-25 13:04:10.000000
1001737,Gergely Tarsoly,2017-10-25 13:08:55.000000
1001742,Vecsernyés Márk,2017-11-02 19:41:13.000000
1001743,Martin Bakos,2017-11-02 19:42:55.000000
1001746,qiang zheng,2017-11-13 09:07:25.000000
1001748,Olivier Tilloy,2017-11-13 08:32:00.000000
1001752,Timotej Lazar,2017-11-21 19:00:45.000000
1001753,ahmed Ghanmi,2017-11-22 12:42:09.000000
1001755,Ward van Wanrooij,2017-11-27 17:18:09.000000
1001756,Manuj Vashist,2017-11-27 17:21:11.000000
1001758,Ahmed GHANMI,2017-11-30 13:41:13.000000
1001759,Robert King,2017-11-30 14:41:45.000000
1001760,Anthony DeRobertis,2016-12-02 00:19:32.000000
1001771,Simon Barth,2017-12-12 21:03:24.000000
1001772,,2017-12-14 20:54:44.249999
1001773,,2017-12-16 20:46:04.500000
1001775,Esra Karakaş,2017-12-20 20:28:45.000000
1001777,Suhail Alkowaileet,2017-12-24 09:38:12.000000
1001779,Cheng-Chia Tseng,2017-10-05 09:25:21.000000
1001780,Vikas Mahato,2017-12-31 12:18:53.000000
1001781,Abhishek Shrivastava,2018-01-02 06:17:53.000000
1001784,Kacper Kasper,2018-01-10 16:32:34.000000
1001785,Milian Wolff,2018-01-10 17:03:08.000000
1001788,Jon Nermut,2018-01-13 04:26:35.000000
1001790,Saurav Chirania,2018-01-14 05:42:24.000000
1001794,brian houston morrow,2018-01-20 05:39:39.000000
1001796,Vincas Dargis,2018-01-21 12:27:07.000000
1001800,Shubham Verma,2018-01-31 15:55:21.000000
1001813,Andika Triwidada,2018-02-15 04:00:33.000000
1001814,Samuel Thibault,2018-02-15 12:01:22.000000
1001818,Franklin Weng,2018-02-20 07:19:58.000000
1001822,Rostislav Kondratenko,2018-02-21 14:03:57.000000
1001823,Sourabh,2018-02-22 06:27:08.000000
1001824,Jean-Francois Dockes,2018-02-24 11:07:53.000000
1001825,Martin van Zijl,2018-02-26 17:59:53.000000
1001829,Fady Essam,2018-03-01 16:06:43.000000
1001832,Reshma Ramaprasad,2018-03-06 18:49:03.000000
1001837,Álex Puchades,2018-03-13 21:09:34.000000
1001838,Nickson Thanda,2018-03-15 15:05:54.000000
1001839,Abhyudaya Sharma,2018-03-17 09:15:21.000000
1001846,Kowther Hassan,2018-03-28 03:03:35.000000
1001850,Nithin Kumar Padavu,2018-04-07 15:16:29.000000
1001855,Ilhan Yesil,2018-04-12 07:19:40.000000
1001856,Kevin Brubeck Unhammer,2018-04-14 17:33:34.000000
1001857,Lukas M,2018-04-17 09:32:41.000000
1001859,Salim Habchi,2018-04-18 07:58:13.000000
1001867,redacted,2018-04-30 22:29:22.000000
1001868,Stoyan Dimitrov,2018-05-03 08:21:07.000000
1001872,Rizal Muttaqin,2018-05-06 09:53:34.000000
1001876,Selim Ozcan,2018-05-14 11:01:48.000000
1001877,DaeHyun Sung,2018-05-15 00:56:34.000000
1001884,Kevin Dubrulle,2018-05-27 09:54:32.000000
1001885,Fred Kruse,2018-05-28 06:32:40.000000
1001886,Polshakov Dmitry,2018-05-28 21:34:33.000000
1001890,orbea,2018-06-01 18:36:45.000000
1001896,Louis Sautier,2018-06-08 15:25:27.000000
1001897,Ülkem Kasapoglu,2018-06-11 08:53:43.000000
1001901,Balazs Varga,2018-06-18 10:47:48.000000
1001906,Ali Ahmadi,2018-06-25 08:35:36.000000
1001909,Terrence Enger,2018-07-08 18:04:47.000000
1001911,Adam Kovacs,2018-07-12 07:28:04.000000
1001914,Caio B. SIlva,2018-07-16 13:19:36.000000
1001917,Rahul Gurung,2018-07-22 10:41:42.000000
1001918,George Wood,2018-07-24 11:57:30.000000
1001920,,2018-08-01 15:49:47.333333
1001921,Kirill,2018-08-05 17:45:56.000000
1001931,vwalker,2018-08-20 13:54:07.000000
1001932,BijanT,2018-08-21 18:06:03.000000
1001934,Brian Fraser,2013-09-03 19:04:50.000000
1001939,Alexander Thurgood,2018-08-31 14:19:51.000000
1001944,libreoffice lhm,2018-09-12 07:14:29.000000
1001945,,2018-09-14 17:38:12.400000
1001954,Zoltán Zdibák,2018-10-06 15:11:43.000000
1001955,Jozsef Szakacs,2018-10-08 08:20:12.000000
1001957,Réka Csékei,2018-10-08 14:40:45.000000
1001959,Hamish McIntyre-Bhatty,2018-10-09 19:49:10.000000
1001962,Aldric Renaudin,2018-10-15 17:52:36.000000
1001963,Márk Dobó,2018-10-16 20:35:25.000000
1001965,Roman Kuznetsov,2018-10-18 13:29:15.000000
1001973,Izabela Bakollari,2018-10-27 11:24:02.000000
1001976,Aleksei Nikiforov,2018-10-31 13:11:12.000000
1001985,Alyssa Ross,2018-11-18 10:36:34.000000
1001991,sabri unal,2018-11-19 23:50:30.000000
